yes_f1,no_f1,maybe_f1,macro_f1,model_name
0.6677265500794912,0.2754491017964072,0.14107883817427386,0.36141816335005744,m0_base_qwen3-0.6b
0.7121535181236673,0.31264367816091954,0.0379746835443038,0.35425729327629685,m1_fft_pqaa_only
0.7711552612214864,0.5951035781544256,0.0,0.45541961312530405,m2_qlora_pqaa_only
0.7711552612214864,0.5951035781544256,0.0,0.45541961312530405,m3_kd_iimed8b
0.6514994829369183,0.16172506738544473,0.2054380664652568,0.3395542055958733,m3_kd_iimed8b_v2
0.7696835908756439,0.591337099811676,0.0,0.45367356356244,m4_dpo_iimed8b
